agent,roles,pick_rate,rounds,rating,ACS,ADR,K/D,KPR,DPR,APR,HS%,FBPR,FDPR,FBSR%,description,icon,image,q-logo,q-title,q-description,e-logo,e-title,e-description,c-logo,c-title,c-description,x-logo,x-title,x-description, p-logo,p-title,p-description
Omen,Controller,58.24%,100739,1.02,187.4,121.2,0.95,0.67,0.70,0.41,28%,0.07,0.08,48%,"A phantom of a memory, Omen hunts in the shadows. He renders enemies blind, teleports across the field, then lets paranoia take hold as his foe scrambles to uncover where he might strike next.",https://static.wikia.nocookie.net/valorant/images/b/b0/Omen_icon.png/revision/latest/smart/width/250/height/250?cb=20230523180801,https://static.wikia.nocookie.net/valorant/images/0/0e/Omen_Artwork_Full.png/revision/latest?cb=20220810202807,https://titles.trackercdn.com/valorant-api/agents/8e253930-4c05-31dd-1b6c-968525494517/abilities/ability1/displayicon.png, Paranoia,"EQUIP a blinding orb. FIRE to throw it forward, briefly Nearsighting and Deafening all players it touches. This projectile can pass straight through walls.",https://titles.trackercdn.com/valorant-api/agents/8e253930-4c05-31dd-1b6c-968525494517/abilities/ability2/displayicon.png,Dark Cover,"EQUIP a shadow orb, entering a phased world to place and target the orbs. PRESS the ability key to throw the shadow orb to the marked location, creating a long-lasting shadow sphere that blocks vision. HOLD FIRE while targeting to move the marker further away. HOLD ALT FIRE while targeting to move the marker closer. PRESS RELOAD to toggle normal targeting view.",https://titles.trackercdn.com/valorant-api/agents/8e253930-4c05-31dd-1b6c-968525494517/abilities/grenade/displayicon.png, Shrouded Step,"EQUIP a shrouded step ability and see its range indicator. FIRE to begin a brief channel, then teleport to the marked location.",https://titles.trackercdn.com/valorant-api/agents/8e253930-4c05-31dd-1b6c-968525494517/abilities/ultimate/displayicon.png, From the Shadows,"EQUIP a tactical map. FIRE to begin teleporting to the selected location. While teleporting, Omen will appear as a Shade that can be destroyed by an enemy to cancel his teleport, or PRESS EQUIP for Omen to cancel his teleport."
Killjoy,Sentinel,50.10%,86496,0.95,201.3,137.5,1.05,0.72,0.68,0.15,25%,0.08,0.08,51%,"The genius of Germany, Killjoy effortlessly secures key battlefield positions with her arsenal of inventions. If their damage doesn't take her enemies out, the debuff her robots provide will make short work of them.",https://www.esports.net/wp-content/uploads/2022/08/Killjoy-Guide.png,https://static.wikia.nocookie.net/valorant/images/6/6b/Killjoy_artwork.png/revision/latest?cb=20210821140214&path-prefix=id,https://titles.trackercdn.com/valorant-api/agents/1e58de9c-4950-5125-93e9-a0aee9f98746/abilities/grenade/displayicon.png, Nanoswarm,"EQUIP a Nanoswarm grenade. FIRE to throw the grenade. Upon landing, the Nanoswarm goes covert. ALT FIRE to lob. ACTIVATE the Nanoswarm to deploy a damaging swarm of nanobots.",https://titles.trackercdn.com/valorant-api/agents/1e58de9c-4950-5125-93e9-a0aee9f98746/abilities/ability1/displayicon.png, Alarmbot,"EQUIP a covert Alarmbot. FIRE to deploy a bot that hunts down enemies that get in range. After reaching its target, the bot explodes and applies Vulnerable to enemies in the area. HOLD EQUIP to recall a deployed bot.",https://titles.trackercdn.com/valorant-api/agents/1e58de9c-4950-5125-93e9-a0aee9f98746/abilities/ability2/displayicon.png, Turret,"EQUIP a Turret. FIRE to deploy a turret that fires at enemies in a 180 degree cone. ALT FIRE to swap turret direction. HOLD EQUIP to recall the deployed turret.", https://titles.trackercdn.com/valorant-api/agents/1e58de9c-4950-5125-93e9-a0aee9f98746/abilities/ultimate/displayicon.png, Lockdown,"EQUIP the Lockdown device. FIRE to deploy the device. After a long windup, the device Detains all enemies caught in the radius. The device can be destroyed by enemies."
Jett,Duelist,47.79%,82421,1.06,226.8,146.4,1.08,0.81,0.74,0.15,28%,0.20,0.18,53%,"Representing her home country of South Korea, Jett's agile and evasive fighting style lets her take risks no one else can. She runs circles around every skirmish, cutting enemies up before they even know what hit them.",https://static.wikia.nocookie.net/valorant/images/3/35/Jett_icon.png/revision/latest?cb=20220316150455&path-prefix=id,https://static.wikia.nocookie.net/valorant/images/e/e3/Jett_Artwork_Full.png/revision/latest/scale-to-width-down/1200?cb=20220810202742, https://titles.trackercdn.com/valorant-api/agents/add6443a-41bd-e414-f6ad-e58d267f4e95/abilities/ability1/displayicon.png, Updraft,"INSTANTLY propel Jett high into the air.", https://titles.trackercdn.com/valorant-api/agents/add6443a-41bd-e414-f6ad-e58d267f4e95/abilities/ability2/displayicon.png, Tailwind,"ACTIVATE to prepare a gust of wind for a limited time. RE-USE the wind to propel Jett in the direction she is moving. If Jett is standing still, she propels forward. Tailwind charge resets every two kills.", https://titles.trackercdn.com/valorant-api/agents/add6443a-41bd-e414-f6ad-e58d267f4e95/abilities/grenade/displayicon.png, Cloudburst,"INSTANTLY throw a projectile that expands into a brief vision-blocking cloud on impact with a surface. HOLD the ability key to curve the smoke in the direction of your crosshair.", https://titles.trackercdn.com/valorant-api/agents/add6443a-41bd-e414-f6ad-e58d267f4e95/abilities/ultimate/displayicon.png, Blade Storm,"EQUIP a set of highly accurate throwing knives. FIRE to throw a single knife and recharge knives on a kill. ALT FIRE to throw all remaining daggers but does not recharge on a kill.", https://titles.trackercdn.com/valorant-api/agents/add6443a-41bd-e414-f6ad-e58d267f4e95/abilities/passive/displayicon.png, Drift,"Holding the jump button while falling allows you to glide through the air." 
Skye,Iniator,43.56%,75672,0.99,182.3,118.7,0.92,0.64,0.70,0.41,29%,0.07,0.08,46%,"Hailing from Australia, Skye and her band of beasts trailblaze the way through hostile territory. With her creations hampering the enemy, and her power to heal others, the team is strongest and safest by Skye's side.",https://static.wikia.nocookie.net/valorant/images/3/33/Skye_icon.png/revision/latest/scale-to-width-down/250?cb=20220314034034&path-prefix=id,https://static.wikia.nocookie.net/valorant/images/7/7f/Skye_Artwork_Full.png/revision/latest/scale-to-width-down/1200?cb=20220810202828, https://titles.trackercdn.com/valorant-api/agents/6f2a04ca-43e0-be17-7f36-b3908627744d/abilities/ability1/displayicon.png, Trailblazer,"EQUIP a Tasmanian tiger trinket. FIRE to send out and take control of the predator. While in control,FIRE to leap forward, exploding in a Concussive blast and damaging directly hit enemies.", https://titles.trackercdn.com/valorant-api/agents/6f2a04ca-43e0-be17-7f36-b3908627744d/abilities/ability2/displayicon.png, Guiding Light,"EQUIP a hawk trinket. FIRE to send it forward. HOLD FIRE to guide the hawk in the direction of your crosshair. RE-USE while the hawk is in flight to transform it into a flash. The flash reaches max potency after a short duration during the hawk's flight.", https://titles.trackercdn.com/valorant-api/agents/6f2a04ca-43e0-be17-7f36-b3908627744d/abilities/grenade/displayicon.png, Regrowth,"EQUIP a healing trinket. HOLD FIRE to channel, Healing allies in range and line of sight. Can be reused until her healing pool is depleted. Skye cannot heal herself.", https://titles.trackercdn.com/valorant-api/agents/6f2a04ca-43e0-be17-7f36-b3908627744d/abilities/ultimate/displayicon.png, Seekers,"EQUIP a Seeker trinket. FIRE to send out three Seekers to track down the three closest enemies. If a Seeker reaches its target, it Nearsights them. Enemies can destroy the Seekers." 
Raze,Duelist,42.82%,74415,1.08,236.2,156.9,1.06,0.80,0.76,0.20,21%,0.17,0.16,51%,"Raze explodes out of Brazil with her big personality and big guns. With her blunt-force-trauma playstyle, she excels at flushing entrenched enemies and clearing tight spaces with a generous dose of 'boom'.",https://www.esports.net/wp-content/uploads/2022/08/Raze-Valorant.png,https://upload.wikimedia.org/wikipedia/commons/5/5a/Raze_%28Valorant%29.png, https://titles.trackercdn.com/valorant-api/agents/f94c3b30-42be-e959-889c-5aa313dba261/abilities/ability1/displayicon.png, Blast Pack,"INSTANTLY throw a Blast Pack that will stick to surfaces. RE-USE the ability after deployment to detonate, damaging and moving anything hit.", https://titles.trackercdn.com/valorant-api/agents/f94c3b30-42be-e959-889c-5aa313dba261/abilities/ability2/displayicon.png, Paint Shells,"EQUIP a cluster grenade. FIRE to throw the grenade, which does damage and creates sub-munitions, each doing damage to anyone in their range. ALT FIRE to lob. Paint Shells charge resets every two kills.", https://titles.trackercdn.com/valorant-api/agents/f94c3b30-42be-e959-889c-5aa313dba261/abilities/grenade/displayicon.png, Boom Bot,"EQUIP a Boom Bot. FIRE will deploy the bot, causing it to travel in a straight line on the ground, bouncing off walls. The Boom Bot will lock on to any enemies in its frontal cone and chase them, exploding for heavy damage if it reaches them.", https://titles.trackercdn.com/valorant-api/agents/f94c3b30-42be-e959-889c-5aa313dba261/abilities/ultimate/displayicon.png, Showstopper,"EQUIP a rocket launcher. FIRE to shoot a rocket that does massive area damage on contact with anything."
Viper,Controller,39.15%,68228,0.98,198.5,132.4,1.00,0.69,0.69,0.28,27%,0.08,0.09,48%,"The American Chemist, Viper deploys an array of poisonous chemical devices to control the battlefield and choke the enemy's vision. If the toxins don't kill her prey, her mindgames surely will.",https://server.blix.gg/imgproxy/-_4WmwiNEPee08kEXEQiD3fw1CMg0RPUjpxW8CIYQ7Y/rs:fit:260:260:0/g:no/aHR0cHM6Ly9zdGF0aWMud2lraWEubm9jb29raWUubmV0L3ZhbG9yYW50L2ltYWdlcy81LzVmL1ZpcGVyX2ljb24ucG5n.webp,https://images.contentstack.io/v3/assets/bltb6530b271fddd0b1/bltc825c6589eda7717/5eb7cdc6ee88132a6f6cfc25/V_AGENTS_587x900_Viper.png, https://titles.trackercdn.com/valorant-api/agents/707eab51-4836-f488-046a-cda6bf494859/abilities/ability1/displayicon.png, Poison Cloud,"EQUIP a gas emitter. FIRE to throw the emitter that perpetually remains throughout the round. ALT FIRE to lob. RE-USE the ability to create a toxic gas cloud at the cost of fuel. This ability can be RE-USED more than once and can be picked up to be REDEPLOYED.", https://titles.trackercdn.com/valorant-api/agents/707eab51-4836-f488-046a-cda6bf494859/abilities/ability2/displayicon.png, Toxic Screen,"EQUIP a gas emitter launcher that penetrates terrain. FIRE to deploy a long line of gas emitters. RE-USE the ability to create a tall wall of toxic gas at the cost of fuel. This ability can be RE-USED more than once.", https://titles.trackercdn.com/valorant-api/agents/707eab51-4836-f488-046a-cda6bf494859/abilities/grenade/displayicon.png, Snake Bite,"EQUIP a chemical launcher. FIRE to launch a canister that shatters upon hitting the floor, creating a lingering chemical zone that damages and applies Vulnerable.", https://titles.trackercdn.com/valorant-api/agents/707eab51-4836-f488-046a-cda6bf494859/abilities/ultimate/displayicon.png, Viper's Pit,"EQUIP a chemical sprayer. FIRE to spray a chemical cloud in all directions around Viper, creating a large cloud that Nearsights players and Decays the health of enemies inside of it. HOLD the ability key to disperse the cloud early.",  
Sova,Iniator,38.51%,66333,0.97,194.7,132.8,1.00,0.67,0.68,0.29,26%,0.07,0.07,49%,"Born from the eternal winter of Russia's tundra, Sova tracks, finds, and eliminates enemies with ruthless efficiency and precision. His custom bow and incredible scouting abilities ensure that even if you run, you cannot hide.",https://www.esports.net/wp-content/uploads/2022/08/Valorant-Sova-Guide.png,https://static.wikia.nocookie.net/valorant/images/c/c5/Sova_Artwork_Full.png/revision/latest?cb=20220810202832, https://titles.trackercdn.com/valorant-api/agents/320b2a48-4d9b-a075-30f1-1f93a9b638fa/abilities/ability1/displayicon.png, Schock Bolt,"EQUIP a bow with a shock bolt. FIRE to send the explosive bolt forward,detonating upon collision and damaging players nearby. HOLD FIRE to extend the range of the projectile. ALT FIRE to add up to two bounces to this arrow.", https://titles.trackercdn.com/valorant-api/agents/320b2a48-4d9b-a075-30f1-1f93a9b638fa/abilities/ability2/displayicon.png,Recon Bolt,"EQUIP a bow with recon bolt. FIRE to send the recon bolt forward, activating upon collision and Revealing the location of nearby enemies caught in the line of sight of the bolt. Enemies can destroy this bolt. HOLD FIRE to extend the range of the projectile. ALT FIRE to add up to two bounces to this arrow.",https://titles.trackercdn.com/valorant-api/agents/320b2a48-4d9b-a075-30f1-1f93a9b638fa/abilities/grenade/displayicon.png, Owl Drone,"EQUIP an owl drone. FIRE to deploy and take control of movement of the drone. While in control of the drone, FIRE to shoot a marking dart. This dart will Reveal the location of any player struck by the dart. Enemies can destroy the Owl Drone.", https://titles.trackercdn.com/valorant-api/agents/320b2a48-4d9b-a075-30f1-1f93a9b638fa/abilities/ultimate/displayicon.png, Hunter's Fury,"EQUIP a bow with three long-range, wall-piercing energy blasts. FIRE to release an energy blast in a line in front of Sova, dealing damage and Revealing the location of enemies caught in the line. This ability can be RE-USED up to two more times while the ability timer is active."
Breach,Iniator,24.48%,42382,0.99,179.5,117.2,0.90,0.64,0.70,0.44,28%,0.06,0.06,46%,"The bionic Swede Breach fires powerful, targeted kinetic blasts to aggressively clear a path through enemy ground. The damage and disruption he inflicts ensures no fight is ever fair.",https://server.blix.gg/imgproxy/6oKZIAOp6byf3ww1bl9iS7pCGmadK_GRxcyLzuvw6UA/rs:fit:260:260:0/g:no/aHR0cHM6Ly9zdGF0aWMud2lraWEubm9jb29raWUubmV0L3ZhbG9yYW50L2ltYWdlcy81LzUzL0JyZWFjaF9pY29uLnBuZw.webp,https://static.wikia.nocookie.net/valorant/images/2/24/Breach_Artwork_Full.png/revision/latest/scale-to-width-down/1200?cb=20220810202713, https://titles.trackercdn.com/valorant-api/agents/5f8d3a7f-467b-97f3-062c-13acf203c006/abilities/ability1/displayicon.png, Flashpoint,"EQUIP a Blinding charge. FIRE the charge to set a fast-acting burst through the wall. The charge detonates to Blind all players looking at it.", https://titles.trackercdn.com/valorant-api/agents/5f8d3a7f-467b-97f3-062c-13acf203c006/abilities/ability2/displayicon.png, Fault Line,"EQUIP a seismic blast. HOLD FIRE to increase the distance. RELEASE to set off the quake, Concussing all players in its zone and in a line up to the zone.", https://titles.trackercdn.com/valorant-api/agents/5f8d3a7f-467b-97f3-062c-13acf203c006/abilities/grenade/displayicon.png, Aftershock,"EQUIP a fusion charge. FIRE the charge to set a slow-acting burst through the wall. The burst does heavy damage to anyone caught in its area.", https://titles.trackercdn.com/valorant-api/agents/5f8d3a7f-467b-97f3-062c-13acf203c006/abilities/ultimate/displayicon.png, Rolling Thunder,"EQUIP a Seismic Charge. FIRE to send a cascading quake through all terrain in a large cone. The quake Concusses and knocks up anyone caught in it."
Cypher,Sentinel,21.19%,37032,0.94,190.8,127.9,1.00,0.69,0.69,0.20,29%,0.08,0.08,50%,"The Moroccan information broker, Cypher is a one-man surveillance network who keeps tabs on the enemy's every move. No secret is safe. No maneuver goes unseen. Cypher is always watching.",https://cdn3.emoji.gg/emojis/1736-valorant-cypher-icon.png,https://static.wikia.nocookie.net/valorant/images/5/55/Cypher_Artwork_Full.png/revision/latest/scale-to-width-down/1200?cb=20220810202731, https://titles.trackercdn.com/valorant-api/agents/117ed9e3-49f3-6512-3ccf-0cada7e3823b/abilities/ability1/displayicon.png, Cyber Cage,"INSTANTLY toss the cyber cage in front of Cypher. ACTIVATE to create a zone that blocks vision and plays an audio cue when enemies pass through it", https://titles.trackercdn.com/valorant-api/agents/117ed9e3-49f3-6512-3ccf-0cada7e3823b/abilities/ability2/displayicon.png, Spycam,"EQUIP a spycam. FIRE to place the spycam at the targeted location. RE-USE this ability to take control of the camera's view. While in control of the camera, FIRE to shoot a marking dart. This dart will Reveal the location of any player struck by the dart. This ability can be picked up to be REDEPLOYED.", https://titles.trackercdn.com/valorant-api/agents/117ed9e3-49f3-6512-3ccf-0cada7e3823b/abilities/grenade/displayicon.png, Trapwire,"EQUIP a trapwire. FIRE to place a destructible and covert tripwire at the targeted location, creating a line that spans between the placed location and the wall opposite. Enemy players who cross a tripwire will be Tethered, Revealed, and Concussed after a short period if they do not destroy the device in time. This ability can be picked up to be REDEPLOYED.", https://titles.trackercdn.com/valorant-api/agents/117ed9e3-49f3-6512-3ccf-0cada7e3823b/abilities/ultimate/displayicon.png, Neural Theft,"INSTANTLY use on a targeted dead enemy to download information on their team. After a brief delay, the location of all living enemy players will be Revealed twice."   
KAY/O,Iniator,19.40%,33577,1.07,193.9,126.1,0.93,0.66,0.71,0.52,25%,0.07,0.08,47%,"KAY/O is a machine of war built for a single purpose: neutralizing radiants. His power to Suppress enemy abilities dismantles his opponents' capacity to fight back, securing him and his allies the ultimate edge.",https://static.valorantstats.xyz/agent-headshots/kayo-headshot.png,https://static.wikia.nocookie.net/valorant/images/5/57/KAYO_Artwork_Full.png/revision/latest/scale-to-width-down/1200?cb=20220810202747, https://titles.trackercdn.com/valorant-api/agents/601dbbe7-43ce-be57-2a40-4abd24953621/abilities/grenade/displayicon.png, FRAG/ment,"EQUIP an explosive fragment. FIRE to throw. ALT FIRE to lob. The fragment sticks to the floor and explodes multiple times, dealing near lethal damage at the center with each explosion.", https://titles.trackercdn.com/valorant-api/agents/601dbbe7-43ce-be57-2a40-4abd24953621/abilities/ability1/displayicon.png, FLASH/drive,"EQUIP a flash grenade. FIRE to overhand throw. ALT FIRE to lob a weaker version that explodes quickly. The flash grenade explodes after a short fuse, Blinding anyone in line of sight.", https://titles.trackercdn.com/valorant-api/agents/601dbbe7-43ce-be57-2a40-4abd24953621/abilities/ability2/displayicon.png, ZERO/point,"EQUIP a suppression blade. FIRE to throw. The blade sticks to the first surface it hits, winds up, and Suppresses anyone in the radius of the explosion. Enemies can destroy this blade.", https://titles.trackercdn.com/valorant-api/agents/601dbbe7-43ce-be57-2a40-4abd24953621/abilities/ultimate/displayicon.png, NULL/cmd,"INSTANTLY overload with polarized radianite energy that pulses from KAY/O in a massive radius. Enemies hit with pulses are Suppressed for a short duration. While overloaded, KAY/O gains Combat Stim and can be re-stabilized if downed."
Astra,Controller,12.89%,22228,1.01,191.8,125.9,1.00,0.68,0.68,0.33,28%,0.07,0.07,48%,"Ghanaian Agent Astra harnesses the energies of the cosmos to reshape battlefields to her whim. With full command of her astral form and a talent for deep strategic foresight, she's always eons ahead of her enemy's next move.",https://www.esports.net/wp-content/uploads/2022/08/Valorant-Astra.png,https://static.wikia.nocookie.net/valorant/images/e/e0/Astra_Artwork_Full.png/revision/latest/scale-to-width-down/1200?cb=20220810202708, https://titles.trackercdn.com/valorant-api/agents/41fb69c1-4189-7b37-f117-bcaf1e96f1bf/abilities/ability1/displayicon.png, Nova Pulse,"Place Stars in Astral Form (Ultimate Key). ACTIVATE a Star to detonate a Nova Pulse. The Nova Pulse charges briefly then strikes, Concussing all players in its area.", https://titles.trackercdn.com/valorant-api/agents/41fb69c1-4189-7b37-f117-bcaf1e96f1bf/abilities/ability2/displayicon.png, Nebula / Dissipate,"Place Stars in Astral Form (Ultimate Key). ACTIVATE a Star to transform it into a Nebula (smoke). USE a Star to Dissipate it, returning the Star to be placed in a new location after a delay. Dissipate briefly forms a fake Nebula at the Star's location before returning.", https://titles.trackercdn.com/valorant-api/agents/41fb69c1-4189-7b37-f117-bcaf1e96f1bf/abilities/grenade/displayicon.png, Gravity Well,"Place Stars in Astral Form (Ultimate Key). ACTIVATE a Star to form a Gravity Well. Players in the area are pulled toward the center before it explodes, making all players still trapped inside Vulnerable.", https://titles.trackercdn.com/valorant-api/agents/41fb69c1-4189-7b37-f117-bcaf1e96f1bf/abilities/ultimate/displayicon.png, Astral Form / Cosmic Divide,"ACTIVATE to enter Astral Form where you can place Stars with FIRE. Stars can be reactivated later, transforming them into a Nova Pulse, Nebula, or Gravity Well. When Cosmic Divide is charged, use ALT FIRE in Astral Form to begin aiming it, then FIRE to select two locations. An infinite Cosmic Divide connects the two points you select. Cosmic Divide blocks bullets and sound.", https://titles.trackercdn.com/valorant-api/agents/41fb69c1-4189-7b37-f117-bcaf1e96f1bf/abilities/passive/displayicon.png, Astral Form,"ACTIVATE Ultimate to enter Astral Form and PRIMARY FIRE to place Stars. Target Stars with your Nova Pulse, Nebula, or Gravity Well to use those abilities." 
Brimstone,Controller,10.85%,18972,1.01,191.0,125.1,0.96,0.66,0.69,0.39,27%,0.07,0.07,50%,"Joining from the U.S.A., Brimstone's orbital arsenal ensures his squad always has the advantage. His ability to deliver utility precisely and safely make him the unmatched boots-on-the-ground commander.",https://www.esports.net/wp-content/uploads/2022/08/Valorant-Brimstone-Guide.png,https://images.contentstack.io/v3/assets/bltb6530b271fddd0b1/blt26fcf1b5752514ee/5eb7cdbfc1dc88298d5d3799/V_AGENTS_587x900_Brimstone.png, https://titles.trackercdn.com/valorant-api/agents/9f0d8ba9-4140-b941-57d3-a7ad57c6b417/abilities/grenade/displayicon.png, Stim Beacon,"INSTANTLY toss down a stim beacon. Upon landing,it creates a field that grants players a Combat Stim and a Speed Boost.", https://titles.trackercdn.com/valorant-api/agents/9f0d8ba9-4140-b941-57d3-a7ad57c6b417/abilities/ability1/displayicon.png, Incendiary,"EQUIP an incendiary grenade launcher. FIRE to launch a grenade that detonates as it comes to a rest on the floor, creating a lingering fire zone that damages players within the zone.", https://titles.trackercdn.com/valorant-api/agents/9f0d8ba9-4140-b941-57d3-a7ad57c6b417/abilities/ability2/displayicon.png, Sky Smoke,"EQUIP a tactical map. FIRE to set locations where Brimstone's smoke clouds will land. ALT FIRE to confirm, launching long-lasting smoke clouds that block vision in the selected area.", https://titles.trackercdn.com/valorant-api/agents/9f0d8ba9-4140-b941-57d3-a7ad57c6b417/abilities/ultimate/displayicon.png, Orbital Strike,"EQUIP a tactical map. FIRE to launch a lingering orbital strike laser at the selected location, dealing high damage-over-time to players caught in the selected area."
Fade,Iniator,8.54%,14998,0.97,185.5,121.7,0.94,0.66,0.70,0.32,29%,0.07,0.08,47%,"Turkish bounty hunter Fade unleashes the power of raw nightmare to seize enemy secrets. Attuned with terror itself, she hunts down targets and reveals their deepest fears - before crushing them in the dark.",https://pbs.twimg.com/media/Fv9tPxGXwAY2iZm.png,https://images.contentstack.io/v3/assets/bltb6530b271fddd0b1/blt516d37c6c84fcda0/625db737c9aa404b76ddd594/Fade_Key_Art_587x900_for_Website.png, https://titles.trackercdn.com/valorant-api/agents/dade69b4-4f5a-8528-247b-219e5a1facd6/abilities/ability1/displayicon.png, Seize,"EQUIP a knot of raw fear. FIRE to throw. The knot drops down after a set time. RE-USE to drop the knot early. The knot ruptures on impact, holding nearby enemies in place. Held enemies are Deafened, and Decayed.", https://titles.trackercdn.com/valorant-api/agents/dade69b4-4f5a-8528-247b-219e5a1facd6/abilities/ability2/displayicon.png, Haunt,"EQUIP a haunting watcher. FIRE to throw. The watcher drops down after a set time. RE-USE to drop the watcher early. The watcher lashes out on impact, Revealing enemies in its line of sight and creating terror trails to them. Enemies can destroy the watcher.", https://titles.trackercdn.com/valorant-api/agents/dade69b4-4f5a-8528-247b-219e5a1facd6/abilities/grenade/displayicon.png, Prowler,"EQUIP a prowler. FIRE to send the prowler forward. HOLD FIRE to steer the prowler towards your crosshair. The prowler will chase down the first enemy or terror trail it sees, and Nearsight the enemy on impact.", https://titles.trackercdn.com/valorant-api/agents/dade69b4-4f5a-8528-247b-219e5a1facd6/abilities/ultimate/displayicon.png, Nightfall,"EQUIP the power of nightmare itself. FIRE to unleash a wave of unstoppable nightmare energy. Enemies caught in the wave are Marked by terror trails, Deafened, and Decayed."
Chamber,Sentinel,8.44%,14629,1.00,211.3,137.9,1.10,0.77,0.70,0.11,28%,0.16,0.12,57%,"Well-dressed and well-armed, French weapons designer Chamber expels aggressors with deadly precision. He leverages his custom arsenal to hold the line and pick off enemies from afar, with a contingency built for every plan.",https://pbs.twimg.com/media/Fv-F8sJX0AIlLPf.png,https://liquipedia.net/commons/images/3/39/Chamber_Artwork.png, https://titles.trackercdn.com/valorant-api/agents/22697a3d-45bf-8dd7-4fec-84a9e28c69d7/abilities/ability2/displayicon.png, Rendezvous,"EQUIP a teleport anchor. FIRE to place it on the ground. While on the ground and in range of the anchor, REACTIVATE to quickly teleport to the anchor. The anchor can be picked up to be REDEPLOYED.", https://titles.trackercdn.com/valorant-api/agents/22697a3d-45bf-8dd7-4fec-84a9e28c69d7/abilities/grenade/displayicon.png, Trademark,"EQUIP a trap that scans for enemies. FIRE to place it on the ground. When a visible enemy comes in range, the trap counts down and then destabilizes the terrain around them, creating a lingering field that Slows players caught inside of it. The trap can be picked up to be REDEPLOYED.", https://titles.trackercdn.com/valorant-api/agents/22697a3d-45bf-8dd7-4fec-84a9e28c69d7/abilities/ability1/displayicon.png, Headhunter,"ACTIVATE to equip a heavy pistol. ALT FIRE with the pistol equipped to aim down sights.", https://titles.trackercdn.com/valorant-api/agents/22697a3d-45bf-8dd7-4fec-84a9e28c69d7/abilities/ultimate/displayicon.png, Tour De Force,"ACTIVATE to summon a powerful, custom sniper rifle that will kill an enemy with any direct hit to the upper body. ALT FIRE to aim down sights. Killing an enemy creates a lingering field that Slows players caught inside of it."  
Reyna,Duelist,5.60%,9413,1.13,235.2,154.8,1.14,0.84,0.73,0.22,31%,0.15,0.15,51%,"Forged in the heart of Mexico, Reyna dominates single combat, popping off with each kill she scores. Her capability is only limited by her raw skill, making her sharply dependant on performance.",https://server.blix.gg/imgproxy/V6BqdU15FBtmbXTPSkRsfVHb0guo9Jf1DMy5ic-Q5BM/rs:fit:260:260:0/g:no/aHR0cHM6Ly9zdGF0aWMud2lraWEubm9jb29raWUubmV0L3ZhbG9yYW50L2ltYWdlcy9iL2IwL1JleW5hX2ljb24ucG5n.webp,https://images-wixmp-ed30a86b8c4ca887773594c2.wixmp.com/f/c129aab8-0fed-4d3e-8c10-3fc467fb661b/ddyjdmr-b48faa53-4620-4de8-a2f9-77f168cc1ea6.png?token=eyJ0eXAiOiJKV1QiLCJhbGciOiJIUzI1NiJ9.eyJzdWIiOiJ1cm46YXBwOjdlMGQxODg5ODIyNjQzNzNhNWYwZDQxNWVhMGQyNmUwIiwiaXNzIjoidXJuOmFwcDo3ZTBkMTg4OTgyMjY0MzczYTVmMGQ0MTVlYTBkMjZlMCIsIm9iaiI6W1t7InBhdGgiOiJcL2ZcL2MxMjlhYWI4LTBmZWQtNGQzZS04YzEwLTNmYzQ2N2ZiNjYxYlwvZGR5amRtci1iNDhmYWE1My00NjIwLTRkZTgtYTJmOS03N2YxNjhjYzFlYTYucG5nIn1dXSwiYXVkIjpbInVybjpzZXJ2aWNlOmZpbGUuZG93bmxvYWQiXX0.p35BQpGLlAzpoubUIz7AbPR7bSAMkT2FQiVGGp8BaF8, https://titles.trackercdn.com/valorant-api/agents/a3bfb853-43b2-7238-a4f1-ad90e9e46bcc/abilities/ability1/displayicon.png, Devour,"Soul Harvest: Enemies that die to Reyna, or die within 3 seconds of taking damage from Reyna, leave behind Soul Orbs that last 3 seconds. Devour: INSTANTLY consume a nearby soul orb, rapidly Healing for a short duration. Health gained through this skill exceeding 100 will decay over time. If EMPRESS is active, this skill will automatically cast and not consume the Soul Orb.", https://titles.trackercdn.com/valorant-api/agents/a3bfb853-43b2-7238-a4f1-ad90e9e46bcc/abilities/ability2/displayicon.png, Dismiss,"INSTANTLY consume a nearby Soul Orb, becoming Intangible for a short duration. If EMPRESS is active, also become Invisible.", https://titles.trackercdn.com/valorant-api/agents/a3bfb853-43b2-7238-a4f1-ad90e9e46bcc/abilities/grenade/displayicon.png, Leer,"EQUIP an ethereal, destructible eye. ACTIVATE to cast the eye a short distance forward. The eye will Nearsight all enemies who look at it.", https://titles.trackercdn.com/valorant-api/agents/a3bfb853-43b2-7238-a4f1-ad90e9e46bcc/abilities/ultimate/displayicon.png, Empress,"INSTANTLY enter a frenzy, gaining a Combat Stim that increases firing, equip and reload speed dramatically. Gain infinite charges of Soul Harvest abilities. When an enemy dies to Reyna, or dies within 3 seconds of taking damage from Reyna, the duration is renewed."
Harbor,Controller,4.35%,7458,0.90,176.9,117.4,0.89,0.63,0.71,0.29,28%,0.07,0.09,45%,"Hailing from India's coast, Harbor storms the field wielding ancient technology with dominion over water. He unleashes frothing rapids and crushing waves to shield his allies, or pummel those that oppose him.",https://pbs.twimg.com/media/Fv9tQK2XwAAZnpl.png,https://images.contentstack.io/v3/assets/bltb6530b271fddd0b1/blt81e8a3e8c7beeaf3/634894a15e281916980f655b/Harbor_KeyArt-web.png, https://titles.trackercdn.com/valorant-api/agents/95b78ed7-4637-86d9-7e41-71ba8c293152/abilities/ability1/displayicon.png, Cove,"EQUIP a sphere of shielding water. FIRE to throw. ALT FIRE to lob. Upon impacting the ground, spawn a destructible water shield that blocks bullets.", https://titles.trackercdn.com/valorant-api/agents/95b78ed7-4637-86d9-7e41-71ba8c293152/abilities/grenade/displayicon.png, Cascade,"EQUIP a wave of water. FIRE to send the wave rolling forward and through walls. RE-USE to stop the wave. Players hit are Slowed.", https://titles.trackercdn.com/valorant-api/agents/95b78ed7-4637-86d9-7e41-71ba8c293152/abilities/ability2/displayicon.png, High Tide,"EQUIP a wall of water. FIRE to send the water forward along the ground. HOLD FIRE to guide the water in the direction of your crosshair, passing through the world, spawning a wall along the water's path. ALT FIRE while bending to stop the water early. Players hit are Slowed.", https://titles.trackercdn.com/valorant-api/agents/95b78ed7-4637-86d9-7e41-71ba8c293152/abilities/ultimate/displayicon.png, Reckoning,"EQUIP the full power of your Artifact. FIRE to summon a geyser pool on the ground. Enemy players in the area are targeted by successive geyser strikes. Players caught within a strike are Concussed." 
Yoru,Duelist,3.51%,6156,1.04,216.4,140.6,1.02,0.76,0.75,0.23,29%,0.15,0.14,51%,"Japanese native Yoru rips holes straight through reality to infiltrate enemy lines unseen. Using deception and aggression in equal measure, he gets the drop on each target before they know where to look.",https://pbs.twimg.com/media/EriqRr7WMAstqP9.png,https://images.contentstack.io/v3/assets/bltb6530b271fddd0b1/bltd4080f8efb365751/5ff5660bb47cdf7fc7d6c3dc/V_AGENTS_587x900_yoru.png, https://titles.trackercdn.com/valorant-api/agents/7f94d92c-4234-0a36-9646-3a87eb8b5c89/abilities/grenade/displayicon.png, FAKEOUT,"EQUIP an echo that transforms into a mirror image of Yoru when activated. FIRE to instantly activate the mirror image and send it forward. ALT FIRE to place an inactive echo. USE to transform an inactive echo into a mirror image and send it forward. Mirror images explode in a Blinding flash when destroyed by enemies.", https://titles.trackercdn.com/valorant-api/agents/7f94d92c-4234-0a36-9646-3a87eb8b5c89/abilities/ability1/displayicon.png, BLINDSIDE,"EQUIP to rip an unstable dimensional fragment from reality. FIRE to throw the fragment, activating a flash that winds up once it collides with a hard surface.", https://titles.trackercdn.com/valorant-api/agents/7f94d92c-4234-0a36-9646-3a87eb8b5c89/abilities/ability2/displayicon.png, GATECRASH,"EQUIP a rift tether FIRE to send the tether forward. ALT FIRE to place a stationary tether. ACTIVATE to teleport to the tether's location. USE to trigger a fake teleport.", https://titles.trackercdn.com/valorant-api/agents/7f94d92c-4234-0a36-9646-3a87eb8b5c89/abilities/ultimate/displayicon.png, DIMENSIONAL DRIFT,"EQUIP a mask that can see between dimensions. FIRE to drift into Yoru's dimension,unable to be affected or seen by enemies from the outside. REACTIVATE to exit Yoru's dimension early."
Sage,Sentinel,3.09%,5289,0.97,184.8,119.3,0.94,0.66,0.70,0.34,26%,0.08,0.10,47%,"The bastion of China, Sage creates safety for herself and her team wherever she goes. Able to revive fallen friends and stave off forceful assaults, she provides a calm center to a hellish battlefield.",https://www.esports.net/wp-content/uploads/2022/08/Sage-Valorant.png,https://static.wikia.nocookie.net/valorant/images/1/1e/Sage_artwork.png/revision/latest?cb=20210821140215&path-prefix=id, https://titles.trackercdn.com/valorant-api/agents/569fdd95-4d10-43ab-ca70-79becc718b46/abilities/ability1/displayicon.png, Slow Orb,"EQUIP a slowing orb. FIRE to throw a slowing orb forward that detonates upon landing,creating a lingering field that Slows players caught inside of it.", https://titles.trackercdn.com/valorant-api/agents/569fdd95-4d10-43ab-ca70-79becc718b46/abilities/ability2/displayicon.png, Healing Orb,"EQUIP a healing orb. FIRE with your crosshairs over a damaged ally to activate a Heal-Over-Time on them. ALT FIRE while Sage is damaged to activate a self Heal-Over-Time.", https://titles.trackercdn.com/valorant-api/agents/569fdd95-4d10-43ab-ca70-79becc718b46/abilities/grenade/displayicon.png, Barrier Orb,"EQUIP a barrier orb. FIRE places a wall that fortifies after a few seconds. ALT FIRE rotates the targeter.", https://titles.trackercdn.com/valorant-api/agents/569fdd95-4d10-43ab-ca70-79becc718b46/abilities/ultimate/displayicon.png, Resurrection,"EQUIP a resurrection ability. FIRE with your crosshairs placed over a dead ally to begin resurrecting them. After a brief channel, the ally will be brought back to life with full health."
Phoenix,Duelist,2.85%,4850,1.07,226.1,150.6,1.08,0.80,0.74,0.22,30%,0.14,0.14,51%,"Hailing from the U.K., Phoenix's star power shines through in his fighting style, igniting the battlefield with flash and flare. Whether he's got backup or not, he's rushing in to fight on his own terms.",https://tiermaker.com/images/media/template_images/2024/16329551/valorant-agents-up-to-iso-16329551/phoenix---avatar.png,https://static.wikia.nocookie.net/valorant/images/9/90/Phoenix_Artwork_Full.png/revision/latest/scale-to-width-down/1200?cb=20220810202811, https://titles.trackercdn.com/valorant-api/agents/eb93336a-449b-9c1b-0a54-a891f7921d69/abilities/grenade/displayicon.png, Blaze,"EQUIP a flame wall. FIRE to create a line of flame that moves forward, creating a wall of fire that blocks vision and damages players passing through it. The fire wall heals Phoenix instead of dealing damage. HOLD FIRE to bend the wall in the direction of your crosshair.", https://titles.trackercdn.com/valorant-api/agents/eb93336a-449b-9c1b-0a54-a891f7921d69/abilities/ability1/displayicon.png, Curveball,"EQUIP a flare orb that takes a curving path and detonates shortly after throwing. FIRE to curve the flare orb to the left, detonating and Blinding any player who sees the orb. ALT FIRE to curve the flare orb to the right.", https://titles.trackercdn.com/valorant-api/agents/eb93336a-449b-9c1b-0a54-a891f7921d69/abilities/ability2/displayicon.png, Hot Hands,"EQUIP a fireball. FIRE to throw a fireball that explodes after a set amount of time or upon hitting the ground, creating a lingering fire zone that damages enemies. The fire zone heals Phoenix instead of dealing damage. ALT FIRE to lob.", https://titles.trackercdn.com/valorant-api/agents/eb93336a-449b-9c1b-0a54-a891f7921d69/abilities/ultimate/displayicon.png, Run it Back,"INSTANTLY place a marker at Phoenix's location. While this ability is active, dying or allowing the timer to expire will end this ability and bring Phoenix back to this location with full health and the amount of armor he had when the ability was cast."
Neon,Duelist,2.62%,4537,1.01,218.8,142.9,1.00,0.77,0.77,0.21,28%,0.17,0.18,48%,"Filipino Agent Neon surges forward at shocking speeds, discharging bursts of bioelectric radiance as fast as her body generates it. She races ahead to catch enemies off guard then strikes them down quicker than lightning.",https://static.valorantstats.xyz/agent-headshots/neon-headshot.png,https://static.wikia.nocookie.net/valorant/images/f/fe/Neon_Artwork_Full.png/revision/latest/scale-to-width-down/1200?cb=20220810202800, https://titles.trackercdn.com/valorant-api/agents/bb2a4828-46eb-8cd1-e765-15848195d751/abilities/ability2/displayicon.png, High Gear,"INSTANTLY channel Neon's power for Increased Speed. When charged, ALT FIRE to trigger an electric slide. Slide charge resets every two kills.", https://titles.trackercdn.com/valorant-api/agents/bb2a4828-46eb-8cd1-e765-15848195d751/abilities/ability1/displayicon.png, Relay Bolt,"INSTANTLY throw an energy bolt that bounces once. Upon hitting each surface, the bolt electrifies the ground below with a Concussive blast.", https://titles.trackercdn.com/valorant-api/agents/bb2a4828-46eb-8cd1-e765-15848195d751/abilities/grenade/displayicon.png, Fast Lane,"FIRE two energy lines forward on the ground that extend a short distance or until they hit a surface. The lines rise into walls of static electricity that block vision.", https://titles.trackercdn.com/valorant-api/agents/bb2a4828-46eb-8cd1-e765-15848195d751/abilities/ultimate/displayicon.png, Overdirve,"Unleash Neon's full power and speed for a short duration. FIRE to channel the power into a deadly lightning beam with high movement accuracy." 
Gekko,Iniator,2.08%,3602,0.94,183.3,120.7,0.96,0.66,0.69,0.26,29%,0.07,0.08,46%,"Gekko the Angeleno leads a tight-knit crew of calamitous creatures. His buddies bound forward, scattering enemies out of the way, with Gekko chasing them down to regroup and go again.",https://cdn3.emoji.gg/emojis/5791-gekko.png,https://static.wikia.nocookie.net/valorant/images/a/a4/Gekko_Artwork_Full.png/revision/latest/scale-to-width-down/1200?cb=20230304203025, https://titles.trackercdn.com/valorant-api/agents/e370fa57-4757-3604-3648-499e1f642d3f/abilities/ability1/displayicon.png, Wingman,"EQUIP Wingman. FIRE to send Wingman forward seeking enemies. Wingman unleashes a concussive blast toward the first enemy he sees. ALT FIRE when targeting a Spike site or planted Spike to have Wingman defuse or plant the Spike. To plant, Gekko must have the Spike in his inventory. When Wingman expires he reverts into a dormant globule. INTERACT to reclaim the globule and gain another Wingman charge after a short cooldown.", https://titles.trackercdn.com/valorant-api/agents/e370fa57-4757-3604-3648-499e1f642d3f/abilities/ability2/displayicon.png, Dizzy,"EQUIP Dizzy. FIRE to send Dizzy soaring forward through the air. Dizzy charges then unleashes plasma blasts at enemies in line of sight. Enemies hit by her plasma are Blinded. When Dizzy expires she reverts into a dormant globule. INTERACT to reclaim the globule and gain another Dizzy charge after a short cooldown.", https://titles.trackercdn.com/valorant-api/agents/e370fa57-4757-3604-3648-499e1f642d3f/abilities/grenade/displayicon.png, Mosh Pit,"EQUIP Mosh. FIRE to throw Mosh like a grenade. ALT FIRE to lob. Upon landing Mosh duplicates across a large area that deals a small amount of damage over time then after a short delay explodes.", https://titles.trackercdn.com/valorant-api/agents/e370fa57-4757-3604-3648-499e1f642d3f/abilities/ultimate/displayicon.png, Thrash,"EQUIP Thrash. FIRE to link with Thrash's mind and steer her through enemy territory. ACTIVATE to lunge forward and explode, Detaining any players in a small radius. When Thrash expires she reverts into a dormant globule. INTERACT to reclaim the globule and gain another Thrash charge after a short cooldown. Thrash can be reclaimed once."  
Deadlock,Sentinel,0.33%,567,0.87,185.8,122.4,0.89,0.67,0.76,0.18,25%,0.09,0.11,43%,"Norwegian operative Deadlock deploys an array of cutting-edge nanowire to secure the battlefield from even the most lethal assault. No one escapes her vigilant watch, nor survives her unyielding ferocity.",https://tiermaker.com/images/media/template_images/2024/15439991/valorant-agents-deadlock-15439991-2/deadlock-icon.png,https://images.contentstack.io/v3/assets/bltb6530b271fddd0b1/blt59125f966df76a27/649492a5a02402d20ee6900e/Deadlock-KeyArt.png, https://titles.trackercdn.com/valorant-api/agents/cc8b64c8-4b25-4ff9-6e7f-37b4da43d235/abilities/ability1/displayicon.png, Sonic Sensor,"EQUIP a Sonic Sensor. FIRE to deploy. The sensor monitors an area for enemies making sound. It concusses that area if footsteps, weapons fire, or significant noise are detected.", https://titles.trackercdn.com/valorant-api/agents/cc8b64c8-4b25-4ff9-6e7f-37b4da43d235/abilities/ability2/displayicon.png, Barrier Mesh,"EQUIP a Barrier Mesh disc. FIRE to throw forward. Upon landing, the disc generates barriers from the origin point that block character movement.", https://titles.trackercdn.com/valorant-api/agents/cc8b64c8-4b25-4ff9-6e7f-37b4da43d235/abilities/grenade/displayicon.png, GravNet,"EQUIP a GravNet grenade. FIRE to throw. ALT FIRE to lob. The GravNet detonates upon landing, forcing any characters caught within to crouch and move slowly.", https://titles.trackercdn.com/valorant-api/agents/cc8b64c8-4b25-4ff9-6e7f-37b4da43d235/abilities/ultimate/displayicon.png, Annihilation,"EQUIP a Nanowire Accelerator. FIRE to unleash a pulse of nanowires that captures the first enemy contacted. The cocooned enemy is pulled along a nanowire path and will die if they reach the end, unless they are freed. The nanowire cocoon is destructible."
Iso,Duelist,0.13%,218,1.05,221.4,148.9,1.02,0.76,0.75,0.19,32%,0.15,0.16,48%,"Chinese fixer for hire Iso falls into a flow state to dismantle the opposition. Reconfiguring ambient energy into bulletproof protection, he advances with focus towards his next duel to the death.",https://cdn3.emoji.gg/emojis/4649-valorant-iso.png,https://images.contentstack.io/v3/assets/bltb6530b271fddd0b1/blt34e30d5669e7309c/653add3080274d040a37d656/ISO_KeyArt_Final.png, https://titles.trackercdn.com/valorant-api/agents/0e38b510-41a8-5780-5e8f-568b2a4f2d6c/abilities/ability1/displayicon.png, Undercut,"EQUIP a molecular bolt. FIRE to throw it forward, briefly applying Vulnerable to all players it touches. The bolt can pass through solid objects, including walls.", https://titles.trackercdn.com/valorant-api/agents/0e38b510-41a8-5780-5e8f-568b2a4f2d6c/abilities/ultimate/displayicon.png, Kill Contract,"EQUIP an interdimensional arena. FIRE to hurl a column of energy through the battlefield, pulling you and the first enemy hit into the arena. You and your opponent duel to the death.", https://titles.trackercdn.com/valorant-api/agents/0e38b510-41a8-5780-5e8f-568b2a4f2d6c/abilities/ability2/displayicon.png, Double Tap,"START a focus timer. Once completed, enter a flow state during which downed enemies you kill or damage generate an energy orb. Shooting this orb grants you a shield which absorbs one instance of damage from any source.", https://titles.trackercdn.com/valorant-api/agents/0e38b510-41a8-5780-5e8f-568b2a4f2d6c/abilities/grenade/displayicon.png, Contingency,"EQUIP to assemble prismatic energy. FIRE to push an indestructible wall of energy forward that blocks bullets."